{
  "config": {
    "top_k": 10,
    "bm25_limit": 8000,
    "num_queries": 12,
    "recall_method": "self-pooling"
  },
  "averages": {
    "Vector Only": {
      "precision": 0.9833333333333334,
      "recall": 0.449445120097294,
      "f1": 0.6127600608506681,
      "latency_ms": 39.58972295125326
    },
    "BM25 Only": {
      "precision": 0.9166666666666666,
      "recall": 0.4000403581925321,
      "f1": 0.5558156164062237,
      "latency_ms": 9.1019868850708
    },
    "Hybrid": {
      "precision": 0.9166666666666666,
      "recall": 0.4000403581925321,
      "f1": 0.5558156164062237,
      "latency_ms": 23.2921044031779
    },
    "Hybrid+Rerank": {
      "precision": 1.0,
      "recall": 0.1373335360291882,
      "f1": 0.24065603878373965,
      "latency_ms": 69.66779629389445
    },
    "RRF Hybrid": {
      "precision": 0.9583333333333334,
      "recall": 0.42980226295443685,
      "f1": 0.5905378386284458,
      "latency_ms": 60.108184814453125
    },
    "Multi-Query": {
      "precision": 0.9583333333333334,
      "recall": 0.431966765118939,
      "f1": 0.5922739497395569,
      "latency_ms": 212.58260806401572
    }
  },
  "per_query": {
    "q01": {
      "type": "SQLi",
      "query": "SQL injection authentication bypass login",
      "scores": {
        "Vector Only": {
          "precision": 1.0,
          "recall": 0.7142857142857143,
          "f1": 0.8333333333333333
        },
        "BM25 Only": {
          "precision": 0.1,
          "recall": 0.07142857142857142,
          "f1": 0.08333333333333333
        },
        "Hybrid": {
          "precision": 0.1,
          "recall": 0.07142857142857142,
          "f1": 0.08333333333333333
        },
        "Hybrid+Rerank": {
          "precision": 1.0,
          "recall": 0.21428571428571427,
          "f1": 0.35294117647058826
        },
        "RRF Hybrid": {
          "precision": 0.6,
          "recall": 0.42857142857142855,
          "f1": 0.5
        },
        "Multi-Query": {
          "precision": 0.7,
          "recall": 0.5,
          "f1": 0.5833333333333334
        }
      }
    },
    "q02": {
      "type": "XSS",
      "query": "cross-site scripting XSS payload script alert",
      "scores": {
        "Vector Only": {
          "precision": 1.0,
          "recall": 0.4,
          "f1": 0.5714285714285715
        },
        "BM25 Only": {
          "precision": 1.0,
          "recall": 0.4,
          "f1": 0.5714285714285715
        },
        "Hybrid": {
          "precision": 1.0,
          "recall": 0.4,
          "f1": 0.5714285714285715
        },
        "Hybrid+Rerank": {
          "precision": 1.0,
          "recall": 0.12,
          "f1": 0.21428571428571425
        },
        "RRF Hybrid": {
          "precision": 1.0,
          "recall": 0.4,
          "f1": 0.5714285714285715
        },
        "Multi-Query": {
          "precision": 1.0,
          "recall": 0.4,
          "f1": 0.5714285714285715
        }
      }
    },
    "q03": {
      "type": "LFI",
      "query": "local file inclusion path traversal directory",
      "scores": {
        "Vector Only": {
          "precision": 0.8,
          "recall": 0.4,
          "f1": 0.5333333333333333
        },
        "BM25 Only": {
          "precision": 0.9,
          "recall": 0.45,
          "f1": 0.6
        },
        "Hybrid": {
          "precision": 0.9,
          "recall": 0.45,
          "f1": 0.6
        },
        "Hybrid+Rerank": {
          "precision": 1.0,
          "recall": 0.15,
          "f1": 0.2608695652173913
        },
        "RRF Hybrid": {
          "precision": 0.9,
          "recall": 0.45,
          "f1": 0.6
        },
        "Multi-Query": {
          "precision": 0.9,
          "recall": 0.45,
          "f1": 0.6
        }
      }
    },
    "q04": {
      "type": "Web Attack",
      "query": "web attack vulnerability exploit remote code execution",
      "scores": {
        "Vector Only": {
          "precision": 1.0,
          "recall": 0.4166666666666667,
          "f1": 0.5882352941176471
        },
        "BM25 Only": {
          "precision": 1.0,
          "recall": 0.4166666666666667,
          "f1": 0.5882352941176471
        },
        "Hybrid": {
          "precision": 1.0,
          "recall": 0.4166666666666667,
          "f1": 0.5882352941176471
        },
        "Hybrid+Rerank": {
          "precision": 1.0,
          "recall": 0.125,
          "f1": 0.2222222222222222
        },
        "RRF Hybrid": {
          "precision": 1.0,
          "recall": 0.4166666666666667,
          "f1": 0.5882352941176471
        },
        "Multi-Query": {
          "precision": 1.0,
          "recall": 0.4166666666666667,
          "f1": 0.5882352941176471
        }
      }
    },
    "q05": {
      "type": "SQLi (Union)",
      "query": "SQL union select injection database dump",
      "scores": {
        "Vector Only": {
          "precision": 1.0,
          "recall": 0.43478260869565216,
          "f1": 0.6060606060606061
        },
        "BM25 Only": {
          "precision": 1.0,
          "recall": 0.43478260869565216,
          "f1": 0.6060606060606061
        },
        "Hybrid": {
          "precision": 1.0,
          "recall": 0.43478260869565216,
          "f1": 0.6060606060606061
        },
        "Hybrid+Rerank": {
          "precision": 1.0,
          "recall": 0.13043478260869565,
          "f1": 0.23076923076923078
        },
        "RRF Hybrid": {
          "precision": 1.0,
          "recall": 0.43478260869565216,
          "f1": 0.6060606060606061
        },
        "Multi-Query": {
          "precision": 1.0,
          "recall": 0.43478260869565216,
          "f1": 0.6060606060606061
        }
      }
    },
    "q06": {
      "type": "XSS (Stored)",
      "query": "stored cross-site scripting persistent XSS cookie",
      "scores": {
        "Vector Only": {
          "precision": 1.0,
          "recall": 0.47619047619047616,
          "f1": 0.6451612903225806
        },
        "BM25 Only": {
          "precision": 1.0,
          "recall": 0.47619047619047616,
          "f1": 0.6451612903225806
        },
        "Hybrid": {
          "precision": 1.0,
          "recall": 0.47619047619047616,
          "f1": 0.6451612903225806
        },
        "Hybrid+Rerank": {
          "precision": 1.0,
          "recall": 0.14285714285714285,
          "f1": 0.25
        },
        "RRF Hybrid": {
          "precision": 1.0,
          "recall": 0.47619047619047616,
          "f1": 0.6451612903225806
        },
        "Multi-Query": {
          "precision": 1.0,
          "recall": 0.47619047619047616,
          "f1": 0.6451612903225806
        }
      }
    },
    "q07": {
      "type": "SQLi (Blind)",
      "query": "blind SQL injection boolean time-based exploit",
      "scores": {
        "Vector Only": {
          "precision": 1.0,
          "recall": 0.43478260869565216,
          "f1": 0.6060606060606061
        },
        "BM25 Only": {
          "precision": 1.0,
          "recall": 0.43478260869565216,
          "f1": 0.6060606060606061
        },
        "Hybrid": {
          "precision": 1.0,
          "recall": 0.43478260869565216,
          "f1": 0.6060606060606061
        },
        "Hybrid+Rerank": {
          "precision": 1.0,
          "recall": 0.13043478260869565,
          "f1": 0.23076923076923078
        },
        "RRF Hybrid": {
          "precision": 1.0,
          "recall": 0.43478260869565216,
          "f1": 0.6060606060606061
        },
        "Multi-Query": {
          "precision": 1.0,
          "recall": 0.43478260869565216,
          "f1": 0.6060606060606061
        }
      }
    },
    "q08": {
      "type": "LFI (PHP)",
      "query": "PHP local file inclusion filter wrapper bypass",
      "scores": {
        "Vector Only": {
          "precision": 1.0,
          "recall": 0.38461538461538464,
          "f1": 0.5555555555555556
        },
        "BM25 Only": {
          "precision": 1.0,